{"BOOK": 1, "MANGA": 0.125, "VN": 0.0028571428571429, "ANIME": 13.0, "READING": 0.0028571428571429, "LISTENING": 0.67, "READTIME": 0.67, "OUTPUT": 1.5}